InvoiceDate,StockCode,Quantity,UnitPrice,Week,Weekday,Day,TotalPrice,Ost,Action,Category,Price,Discount
2023-11-01,822,,,45,2,1,,10.00,,41163,86.90,
2023-11-01,2507,,,45,2,1,,6.00,,41163,84.90,
2023-11-01,2508,,,45,2,1,,8.00,,41163,91.90,
2023-11-01,19681,,,45,2,1,,20.00,,41163,104.90,
2023-11-01,40894,1.00,104.90,45,2,1,104.90,17.00,,41163,104.90,
2023-11-01,40916,,,45,2,1,,15.00,,41163,104.90,
2023-11-01,40920,,,45,2,1,,14.00,,41163,94.90,
2023-11-01,40921,,,45,2,1,,13.00,,41163,91.90,
2023-11-01,40930,,,45,2,1,,8.00,,41163,71.90,
2023-11-01,41165,,,45,2,1,,7.00,,41163,78.90,
2023-11-01,41166,1.00,78.90,45,2,1,78.90,12.00,,41163,78.90,
2023-11-01,41168,2.00,189.80,45,2,1,94.90,25.00,,41163,94.90,
2023-11-01,41169,4.00,383.60,45,2,1,95.90,19.00,,41163,95.90,
2023-11-01,41170,,,45,2,1,,19.00,,41163,99.90,
2023-11-01,41174,1.00,91.90,45,2,1,91.90,21.00,,41163,91.90,
2023-11-01,41175,2.00,183.80,45,2,1,91.90,25.00,,41163,91.90,
2023-11-01,41176,,,45,2,1,,30.00,,41163,94.90,
2023-11-01,41177,1.00,94.90,45,2,1,94.90,24.00,,41163,94.90,
2023-11-01,41180,,,45,2,1,,11.00,,41163,91.90,
2023-11-01,41185,,,45,2,1,,14.00,,41163,82.90,
2023-11-01,41186,1.00,89.90,45,2,1,89.90,10.00,,41163,89.90,
2023-11-01,41187,2.00,165.80,45,2,1,82.90,46.00,,41163,82.90,
2023-11-01,41188,,,45,2,1,,19.00,,41163,86.90,
2023-11-01,41189,,,45,2,1,,9.00,,41163,86.90,
2023-11-01,41190,,,45,2,1,,12.00,,41163,86.90,
2023-11-01,41191,,,45,2,1,,7.00,,41163,86.90,
2023-11-01,41192,1.00,82.90,45,2,1,82.90,28.00,,41163,82.90,
2023-11-01,41193,,,45,2,1,,14.00,,41163,82.90,
2023-11-01,41194,2.00,165.80,45,2,1,82.90,11.00,,41163,82.90,
2023-11-01,41195,,,45,2,1,,6.00,,41163,78.90,
2023-11-01,41197,,,45,2,1,,10.00,,41163,78.90,
2023-11-01,41201,,,45,2,1,,6.00,,41163,67.90,
2023-11-01,41202,,,45,2,1,,21.00,,41163,75.90,
2023-11-01,44437,2.00,181.80,45,2,1,90.90,20.00,,41163,90.90,
2023-11-01,65366,1.00,98.00,45,2,1,98.00,8.00,,41163,98.00,
2023-11-01,95631,,,45,2,1,,16.00,,41163,88.90,
2023-11-01,97463,,,45,2,1,,17.00,,41163,84.90,
2023-11-01,97464,,,45,2,1,,13.00,,41163,86.90,
2023-11-01,100833,,,45,2,1,,11.00,,41163,84.00,
2023-11-01,100837,,,45,2,1,,9.00,,41163,84.00,
2023-11-01,100839,,,45,2,1,,11.00,,41163,74.90,
2023-11-01,100840,1.00,74.90,45,2,1,74.90,10.00,,41163,74.90,
2023-11-01,101570,,,45,2,1,,10.00,,41163,93.00,
2023-11-01,101577,,,45,2,1,,15.00,,41163,92.00,
2023-11-01,103607,,,45,2,1,,1.00,1,41163,499.00,
2023-11-01,103623,,,45,2,1,,1.00,1,41163,499.00,
2023-11-01,103731,,,45,2,1,,1.00,1,41163,499.00,
2023-11-01,103748,,,45,2,1,,11.00,,41163,73.90,
2023-11-01,103749,,,45,2,1,,9.00,,41163,73.90,
2023-11-01,107885,,,45,2,1,,13.00,,41163,93.00,
2023-11-01,108699,,,45,2,1,,5.00,,41163,160.00,
2023-11-01,108700,,,45,2,1,,5.00,,41163,160.00,
2023-11-01,108782,1.00,81.90,45,2,1,81.90,17.00,,41163,81.90,
2023-11-01,108787,1.00,92.00,45,2,1,92.00,12.00,,41163,92.00,
2023-11-01,108788,1.00,92.00,45,2,1,92.00,15.00,,41163,92.00,
2023-11-01,108789,4.00,368.00,45,2,1,92.00,17.00,,41163,92.00,
2023-11-01,108790,3.00,276.00,45,2,1,92.00,17.00,,41163,92.00,
2023-11-01,108791,2.00,184.00,45,2,1,92.00,5.00,,41163,92.00,
2023-11-01,108811,,,45,2,1,,10.00,,41163,71.90,
2023-11-01,109138,,,45,2,1,,5.00,,41163,154.90,
2023-11-01,109139,,,45,2,1,,4.00,,41163,154.90,
2023-11-01,109241,,,45,2,1,,5.00,1,41163,150.00,
2023-11-01,109242,,,45,2,1,,5.00,1,41163,150.00,
2023-11-01,109269,,,45,2,1,,10.00,,41163,72.90,
2023-11-01,109294,1.00,85.00,45,2,1,85.00,9.00,,41163,85.00,
2023-11-01,109295,,,45,2,1,,10.00,,41163,85.00,
2023-11-01,109296,2.00,170.00,45,2,1,85.00,8.00,,41163,85.00,
2023-11-01,109297,,,45,2,1,,10.00,,41163,85.00,
2023-11-02,822,,,45,3,2,,10.00,,41163,86.90,
2023-11-02,2507,,,45,3,2,,6.00,,41163,84.90,
2023-11-02,2508,,,45,3,2,,8.00,,41163,91.90,
2023-11-02,19681,,,45,3,2,,20.00,,41163,104.90,
2023-11-02,40894,17.00,1783.30,45,3,2,104.90,,,41163,104.90,
2023-11-02,40916,,,45,3,2,,15.00,,41163,104.90,
2023-11-02,40920,,,45,3,2,,14.00,,41163,94.90,
2023-11-02,40921,,,45,3,2,,13.00,,41163,91.90,
2023-11-02,40930,,,45,3,2,,8.00,,41163,71.90,
2023-11-02,41165,,,45,3,2,,7.00,,41163,78.90,
2023-11-02,41166,4.00,315.60,45,3,2,78.90,8.00,,41163,78.90,
2023-11-02,41168,,,45,3,2,,25.00,,41163,94.90,
2023-11-02,41169,2.00,199.80,45,3,2,99.90,17.00,,41163,99.90,
2023-11-02,41170,2.00,199.80,45,3,2,99.90,17.00,,41163,99.90,
2023-11-02,41174,1.00,91.90,45,3,2,91.90,20.00,,41163,91.90,
2023-11-02,41175,1.00,91.90,45,3,2,91.90,24.00,,41163,91.90,
2023-11-02,41176,,,45,3,2,,30.00,,41163,94.90,
2023-11-02,41177,2.00,189.80,45,3,2,94.90,22.00,,41163,94.90,
2023-11-02,41180,,,45,3,2,,11.00,,41163,91.90,
2023-11-02,41185,,,45,3,2,,14.00,,41163,82.90,
2023-11-02,41186,,,45,3,2,,10.00,,41163,89.90,
2023-11-02,41187,2.00,165.80,45,3,2,82.90,44.00,,41163,82.90,
2023-11-02,41188,,,45,3,2,,19.00,,41163,86.90,
2023-11-02,41189,,,45,3,2,,9.00,,41163,86.90,
2023-11-02,41190,2.00,173.80,45,3,2,86.90,10.00,,41163,86.90,
2023-11-02,41191,1.00,86.90,45,3,2,86.90,6.00,,41163,86.90,
2023-11-02,41192,7.00,580.30,45,3,2,82.90,21.00,,41163,82.90,
2023-11-02,41193,2.00,165.80,45,3,2,82.90,12.00,,41163,82.90,
2023-11-02,41194,1.00,82.90,45,3,2,82.90,10.00,,41163,82.90,
2023-11-02,41195,,,45,3,2,,6.00,,41163,78.90,
2023-11-02,41197,,,45,3,2,,10.00,,41163,78.90,
2023-11-02,41201,,,45,3,2,,6.00,,41163,67.90,
2023-11-02,41202,3.00,227.70,45,3,2,75.90,18.00,,41163,75.90,
2023-11-02,44437,,,45,3,2,,20.00,,41163,90.90,
2023-11-02,65366,,,45,3,2,,8.00,,41163,98.00,
2023-11-02,95631,,,45,3,2,,16.00,,41163,88.90,
2023-11-02,97463,,,45,3,2,,17.00,,41163,84.90,
2023-11-02,97464,,,45,3,2,,13.00,,41163,86.90,
2023-11-02,100833,,,45,3,2,,11.00,,41163,84.00,
2023-11-02,100837,,,45,3,2,,9.00,,41163,84.00,
2023-11-02,100839,1.00,74.90,45,3,2,74.90,10.00,,41163,74.90,
2023-11-02,100840,,,45,3,2,,10.00,,41163,74.90,
2023-11-02,101570,,,45,3,2,,10.00,,41163,93.00,
2023-11-02,101577,,,45,3,2,,15.00,,41163,92.00,
2023-11-02,103607,,,45,3,2,,1.00,1,41163,499.00,
2023-11-02,103623,1.00,499.00,45,3,2,499.00,,1,41163,499.00,
2023-11-02,103731,,,45,3,2,,1.00,1,41163,499.00,
2023-11-02,103748,,,45,3,2,,11.00,,41163,73.90,
2023-11-02,103749,,,45,3,2,,9.00,,41163,73.90,
2023-11-02,107885,1.00,93.00,45,3,2,93.00,12.00,,41163,93.00,
2023-11-02,108699,,,45,3,2,,5.00,,41163,160.00,
2023-11-02,108700,,,45,3,2,,5.00,,41163,160.00,
2023-11-02,108782,1.00,81.90,45,3,2,81.90,16.00,,41163,81.90,
2023-11-02,108787,1.00,92.00,45,3,2,92.00,11.00,,41163,92.00,
2023-11-02,108788,,,45,3,2,,15.00,,41163,92.00,
2023-11-02,108789,1.00,92.00,45,3,2,92.00,16.00,,41163,92.00,
2023-11-02,108790,1.00,92.00,45,3,2,92.00,16.00,,41163,92.00,
2023-11-02,108791,,,45,3,2,,5.00,,41163,92.00,
2023-11-02,108811,,,45,3,2,,10.00,,41163,71.90,
2023-11-02,109138,,,45,3,2,,5.00,,41163,154.90,
2023-11-02,109139,,,45,3,2,,4.00,,41163,154.90,
2023-11-02,109241,,,45,3,2,,5.00,1,41163,150.00,
2023-11-02,109242,,,45,3,2,,5.00,1,41163,150.00,
2023-11-02,109269,,,45,3,2,,10.00,,41163,72.90,
2023-11-02,109294,,,45,3,2,,9.00,,41163,85.00,
2023-11-02,109295,,,45,3,2,,10.00,,41163,85.00,
2023-11-02,109296,1.00,85.00,45,3,2,85.00,7.00,,41163,85.00,
2023-11-02,109297,3.00,255.00,45,3,2,85.00,7.00,,41163,85.00,
2023-11-03,822,4.00,347.60,45,4,3,86.90,6.00,,41163,86.90,
2023-11-03,2507,1.00,84.90,45,4,3,84.90,5.00,,41163,84.90,
2023-11-03,2508,,,45,4,3,,8.00,,41163,91.90,
2023-11-03,19681,3.00,314.70,45,4,3,104.90,17.00,,41163,104.90,
2023-11-03,40916,,,45,4,3,,15.00,,41163,104.90,
2023-11-03,40920,,,45,4,3,,14.00,,41163,94.90,
2023-11-03,40921,1.00,91.90,45,4,3,91.90,12.00,,41163,91.90,
2023-11-03,40930,,,45,4,3,,8.00,,41163,71.90,
2023-11-03,41165,1.00,78.90,45,4,3,78.90,6.00,,41163,78.90,
2023-11-03,41166,,,45,4,3,,8.00,,41163,78.90,
2023-11-03,41168,1.00,94.90,45,4,3,94.90,24.00,,41163,94.90,
2023-11-03,41169,2.00,199.80,45,4,3,99.90,15.00,,41163,99.90,
2023-11-03,41170,1.00,99.90,45,4,3,99.90,16.00,,41163,99.90,
2023-11-03,41174,2.00,183.79,45,4,3,91.90,18.00,,41163,91.90,
2023-11-03,41175,1.00,91.90,45,4,3,91.90,23.00,,41163,91.90,
2023-11-03,41176,,,45,4,3,,30.00,,41163,94.90,
2023-11-03,41177,2.00,189.80,45,4,3,94.90,20.00,,41163,94.90,
2023-11-03,41180,,,45,4,3,,11.00,,41163,91.90,
2023-11-03,41185,,,45,4,3,,14.00,,41163,82.90,
2023-11-03,41186,3.00,269.70,45,4,3,89.90,7.00,,41163,89.90,
2023-11-03,41187,1.00,82.90,45,4,3,82.90,43.00,,41163,82.90,
2023-11-03,41188,,,45,4,3,,19.00,,41163,86.90,
2023-11-03,41189,1.00,86.90,45,4,3,86.90,8.00,,41163,86.90,
2023-11-03,41190,,,45,4,3,,10.00,,41163,86.90,
2023-11-03,41191,1.00,86.90,45,4,3,86.90,5.00,,41163,86.90,
2023-11-03,41192,1.00,82.90,45,4,3,82.90,20.00,,41163,82.90,
2023-11-03,41193,1.00,82.90,45,4,3,82.90,11.00,,41163,82.90,
2023-11-03,41194,3.00,248.70,45,4,3,82.90,7.00,,41163,82.90,
2023-11-03,41195,,,45,4,3,,6.00,,41163,78.90,
2023-11-03,41197,,,45,4,3,,10.00,,41163,78.90,
2023-11-03,41201,,,45,4,3,,6.00,,41163,67.90,
2023-11-03,41202,2.00,151.80,45,4,3,75.90,16.00,,41163,75.90,
2023-11-03,44437,3.00,272.70,45,4,3,90.90,17.00,,41163,90.90,
2023-11-03,65366,1.00,98.00,45,4,3,98.00,7.00,,41163,98.00,
2023-11-03,95631,1.00,88.90,45,4,3,88.90,15.00,,41163,88.90,
2023-11-03,97463,,,45,4,3,,17.00,,41163,84.90,
2023-11-03,97464,,,45,4,3,,13.00,,41163,86.90,
2023-11-03,100833,,,45,4,3,,11.00,,41163,84.00,
2023-11-03,100837,,,45,4,3,,9.00,,41163,84.00,
2023-11-03,100839,,,45,4,3,,10.00,,41163,74.90,
2023-11-03,100840,,,45,4,3,,10.00,,41163,74.90,
2023-11-03,101570,,,45,4,3,,10.00,,41163,93.00,
2023-11-03,101577,2.00,184.00,45,4,3,92.00,13.00,,41163,92.00,
2023-11-03,103607,,,45,4,3,,1.00,1,41163,499.00,
2023-11-03,103731,,,45,4,3,,1.00,1,41163,499.00,
2023-11-03,103748,,,45,4,3,,11.00,,41163,73.90,
2023-11-03,103749,,,45,4,3,,9.00,,41163,73.90,
2023-11-03,107885,,,45,4,3,,12.00,,41163,93.00,
2023-11-03,108699,,,45,4,3,,5.00,,41163,160.00,
2023-11-03,108700,,,45,4,3,,5.00,,41163,160.00,
2023-11-03,108782,1.00,81.90,45,4,3,81.90,15.00,,41163,81.90,
2023-11-03,108787,,,45,4,3,,11.00,,41163,92.00,
2023-11-03,108788,,,45,4,3,,15.00,,41163,92.00,
2023-11-03,108789,3.00,276.00,45,4,3,92.00,13.00,,41163,92.00,
2023-11-03,108790,1.00,92.00,45,4,3,92.00,15.00,,41163,92.00,
2023-11-03,108791,3.00,276.00,45,4,3,92.00,2.00,,41163,92.00,
2023-11-03,108811,,,45,4,3,,10.00,,41163,71.90,
2023-11-03,109138,,,45,4,3,,5.00,,41163,154.90,
2023-11-03,109139,,,45,4,3,,4.00,,41163,154.90,
2023-11-03,109241,,,45,4,3,,5.00,1,41163,150.00,
2023-11-03,109242,,,45,4,3,,5.00,1,41163,150.00,
2023-11-03,109269,,,45,4,3,,10.00,,41163,72.90,
2023-11-03,109294,,,45,4,3,,9.00,,41163,85.00,
2023-11-03,109295,,,45,4,3,,10.00,,41163,85.00,
2023-11-03,109296,,,45,4,3,,7.00,,41163,85.00,
2023-11-03,109297,,,45,4,3,,7.00,,41163,85.00,
2023-11-04,822,,,45,5,4,,16.00,,41163,86.90,
2023-11-04,2507,1.00,84.90,45,5,4,84.90,4.00,,41163,84.90,
2023-11-04,2508,,,45,5,4,,8.00,,41163,91.90,
2023-11-04,19681,,,45,5,4,,27.00,,41163,104.90,
2023-11-04,40894,,,45,5,4,,20.00,,41163,104.90,
2023-11-04,40916,,,45,5,4,,15.00,,41163,104.90,
2023-11-04,40920,,,45,5,4,,14.00,,41163,94.90,
2023-11-04,40921,,,45,5,4,,12.00,,41163,91.90,
2023-11-04,40930,,,45,5,4,,8.00,,41163,71.90,
2023-11-04,41165,1.00,78.90,45,5,4,78.90,5.00,,41163,78.90,
2023-11-04,41166,6.00,473.40,45,5,4,78.90,22.00,,41163,78.90,
2023-11-04,41168,1.00,94.90,45,5,4,94.90,23.00,,41163,94.90,
2023-11-04,41169,,,45,5,4,,25.00,,41163,99.90,
2023-11-04,41170,,,45,5,4,,16.00,,41163,99.90,
2023-11-04,41174,2.00,183.80,45,5,4,91.90,16.00,,41163,91.90,
2023-11-04,41175,3.00,275.70,45,5,4,91.90,20.00,,41163,91.90,
2023-11-04,41176,1.00,94.90,45,5,4,94.90,29.00,,41163,94.90,
2023-11-04,41177,2.00,189.80,45,5,4,94.90,18.00,,41163,94.90,
2023-11-04,41180,,,45,5,4,,11.00,,41163,91.90,
2023-11-04,41185,,,45,5,4,,14.00,,41163,82.90,
2023-11-04,41186,1.00,89.90,45,5,4,89.90,6.00,,41163,89.90,
2023-11-04,41187,3.00,248.70,45,5,4,82.90,40.00,,41163,82.90,
2023-11-04,41188,,,45,5,4,,19.00,,41163,86.90,
2023-11-04,41189,,,45,5,4,,8.00,,41163,86.90,
2023-11-04,41190,,,45,5,4,,10.00,,41163,90.90,
2023-11-04,41191,,,45,5,4,,15.00,,41163,86.90,
2023-11-04,41192,4.00,331.60,45,5,4,82.90,26.00,,41163,82.90,
2023-11-04,41193,,,45,5,4,,21.00,,41163,82.90,
2023-11-04,41194,,,45,5,4,,17.00,,41163,82.90,
2023-11-04,41195,,,45,5,4,,6.00,,41163,78.90,
2023-11-04,41197,,,45,5,4,,10.00,,41163,78.90,
2023-11-04,41201,,,45,5,4,,6.00,,41163,67.90,
2023-11-04,41202,2.00,151.80,45,5,4,75.90,14.00,,41163,75.90,
2023-11-04,44437,,,45,5,4,,17.00,,41163,90.90,
2023-11-04,65366,,,45,5,4,,17.00,,41163,98.00,
2023-11-04,95631,,,45,5,4,,15.00,,41163,88.90,
2023-11-04,97463,,,45,5,4,,17.00,,41163,84.90,
2023-11-04,97464,1.00,86.90,45,5,4,86.90,12.00,,41163,86.90,
2023-11-04,100833,,,45,5,4,,11.00,,41163,84.00,
2023-11-04,100837,,,45,5,4,,9.00,,41163,84.00,
2023-11-04,100839,1.00,74.90,45,5,4,74.90,9.00,,41163,74.90,
2023-11-04,100840,,,45,5,4,,10.00,,41163,74.90,
2023-11-04,101570,,,45,5,4,,10.00,,41163,93.00,
2023-11-04,101577,,,45,5,4,,13.00,,41163,92.00,
2023-11-04,103607,,,45,5,4,,1.00,1,41163,499.00,
2023-11-04,103731,,,45,5,4,,1.00,1,41163,499.00,
2023-11-04,103748,1.00,73.90,45,5,4,73.90,10.00,,41163,73.90,
2023-11-04,103749,,,45,5,4,,9.00,,41163,73.90,
2023-11-04,107885,,,45,5,4,,12.00,,41163,93.00,
2023-11-04,108699,,,45,5,4,,5.00,,41163,160.00,
2023-11-04,108700,,,45,5,4,,5.00,,41163,160.00,
2023-11-04,108782,3.00,245.70,45,5,4,81.90,12.00,,41163,81.90,
2023-11-04,108787,,,45,5,4,,11.00,,41163,92.00,
2023-11-04,108788,,,45,5,4,,15.00,,41163,92.00,
2023-11-04,108789,1.00,92.00,45,5,4,92.00,22.00,,41163,92.00,
2023-11-04,108790,4.00,368.00,45,5,4,92.00,21.00,,41163,92.00,
2023-11-04,108791,1.00,92.00,45,5,4,92.00,11.00,,41163,92.00,
2023-11-04,108811,,,45,5,4,,10.00,,41163,71.90,
2023-11-04,109138,,,45,5,4,,5.00,,41163,154.90,
2023-11-04,109139,,,45,5,4,,4.00,,41163,154.90,
2023-11-04,109241,,,45,5,4,,5.00,1,41163,150.00,
2023-11-04,109242,,,45,5,4,,5.00,1,41163,150.00,
2023-11-04,109269,,,45,5,4,,10.00,,41163,72.90,
2023-11-04,109294,1.00,85.00,45,5,4,85.00,8.00,,41163,85.00,
2023-11-04,109295,1.00,85.00,45,5,4,85.00,9.00,,41163,85.00,
2023-11-04,109296,2.00,170.00,45,5,4,85.00,5.00,,41163,85.00,
2023-11-04,109297,,,45,5,4,,7.00,,41163,85.00,
2023-11-05,822,,,45,6,5,,16.00,,41163,86.90,
2023-11-05,2507,2.00,169.80,45,6,5,84.90,2.00,,41163,84.90,
2023-11-05,2508,1.00,91.90,45,6,5,91.90,7.00,,41163,91.90,
2023-11-05,19681,1.00,104.90,45,6,5,104.90,26.00,,41163,104.90,
2023-11-05,40894,,,45,6,5,,20.00,,41163,104.90,
2023-11-05,40916,,,45,6,5,,15.00,,41163,104.90,
2023-11-05,40920,,,45,6,5,,14.00,,41163,94.90,
2023-11-05,40921,,,45,6,5,,12.00,,41163,91.90,
2023-11-05,40930,,,45,6,5,,8.00,,41163,71.90,
2023-11-05,41165,,,45,6,5,,5.00,,41163,78.90,
2023-11-05,41166,1.00,78.90,45,6,5,78.90,21.00,,41163,78.90,
2023-11-05,41168,2.00,189.80,45,6,5,94.90,21.00,,41163,94.90,
2023-11-05,41169,1.00,99.90,45,6,5,99.90,24.00,,41163,99.90,
2023-11-05,41170,,,45,6,5,,16.00,,41163,99.90,
2023-11-05,41174,,,45,6,5,,16.00,,41163,91.90,
2023-11-05,41175,,,45,6,5,,20.00,,41163,91.90,
2023-11-05,41176,,,45,6,5,,29.00,,41163,94.90,
2023-11-05,41177,1.00,94.90,45,6,5,94.90,17.00,,41163,94.90,
2023-11-05,41180,,,45,6,5,,11.00,,41163,91.90,
2023-11-05,41185,,,45,6,5,,14.00,,41163,82.90,
2023-11-05,41186,3.00,269.70,45,6,5,89.90,3.00,,41163,89.90,
2023-11-05,41187,7.00,580.30,45,6,5,82.90,33.00,,41163,82.90,
2023-11-05,41188,,,45,6,5,,19.00,,41163,86.90,
2023-11-05,41189,,,45,6,5,,8.00,,41163,86.90,
2023-11-05,41190,2.00,181.80,45,6,5,90.90,8.00,,41163,90.90,
2023-11-05,41191,,,45,6,5,,15.00,,41163,86.90,
2023-11-05,41192,4.00,331.60,45,6,5,82.90,22.00,,41163,82.90,
2023-11-05,41193,3.00,248.70,45,6,5,82.90,18.00,,41163,82.90,
2023-11-05,41194,4.00,331.60,45,6,5,82.90,13.00,,41163,82.90,
2023-11-05,41195,,,45,6,5,,6.00,,41163,78.90,
2023-11-05,41197,,,45,6,5,,10.00,,41163,78.90,
2023-11-05,41201,,,45,6,5,,6.00,,41163,67.90,
2023-11-05,41202,1.00,75.90,45,6,5,75.90,13.00,,41163,75.90,
2023-11-05,44437,,,45,6,5,,17.00,,41163,90.90,
2023-11-05,65366,,,45,6,5,,17.00,,41163,98.00,
2023-11-05,95631,,,45,6,5,,15.00,,41163,88.90,
2023-11-05,97463,,,45,6,5,,17.00,,41163,84.90,
2023-11-05,97464,1.00,86.90,45,6,5,86.90,11.00,,41163,86.90,
2023-11-05,100833,,,45,6,5,,11.00,,41163,84.00,
2023-11-05,100837,,,45,6,5,,9.00,,41163,84.00,
2023-11-05,100839,2.00,149.80,45,6,5,74.90,7.00,,41163,74.90,
2023-11-05,100840,,,45,6,5,,10.00,,41163,74.90,
2023-11-05,101570,,,45,6,5,,10.00,,41163,93.00,
2023-11-05,101577,2.00,184.00,45,6,5,92.00,11.00,,41163,92.00,
2023-11-05,103607,,,45,6,5,,1.00,1,41163,499.00,
2023-11-05,103731,,,45,6,5,,1.00,1,41163,499.00,
2023-11-05,103748,,,45,6,5,,10.00,,41163,73.90,
2023-11-05,103749,,,45,6,5,,9.00,,41163,73.90,
2023-11-05,107885,1.00,93.00,45,6,5,93.00,11.00,,41163,93.00,
2023-11-05,108699,,,45,6,5,,5.00,,41163,160.00,
2023-11-05,108700,,,45,6,5,,5.00,,41163,160.00,
2023-11-05,108782,,,45,6,5,,12.00,,41163,81.90,
2023-11-05,108787,1.00,92.00,45,6,5,92.00,10.00,,41163,92.00,
2023-11-05,108788,1.00,92.00,45,6,5,92.00,14.00,,41163,92.00,
2023-11-05,108789,2.00,184.00,45,6,5,92.00,20.00,,41163,92.00,
2023-11-05,108790,,,45,6,5,,21.00,,41163,92.00,
2023-11-05,108791,1.00,92.00,45,6,5,92.00,10.00,,41163,92.00,
2023-11-05,108811,,,45,6,5,,10.00,,41163,71.90,
2023-11-05,109138,,,45,6,5,,5.00,,41163,154.90,
2023-11-05,109139,,,45,6,5,,4.00,,41163,154.90,
2023-11-05,109241,,,45,6,5,,5.00,1,41163,150.00,
2023-11-05,109242,,,45,6,5,,5.00,1,41163,150.00,
2023-11-05,109269,,,45,6,5,,10.00,,41163,72.90,
2023-11-05,109294,1.00,85.00,45,6,5,85.00,7.00,,41163,85.00,
2023-11-05,109295,,,45,6,5,,9.00,,41163,85.00,
2023-11-05,109296,,,45,6,5,,5.00,,41163,85.00,
2023-11-05,109297,1.00,85.00,45,6,5,85.00,6.00,,41163,85.00,
2023-11-06,822,1.00,86.90,46,,6,86.90,15.00,,41163,86.90,
2023-11-06,2507,1.00,84.90,46,,6,84.90,1.00,,41163,84.90,
2023-11-06,2508,,,46,,6,,7.00,,41163,91.90,
2023-11-06,19681,,,46,,6,,26.00,,41163,104.90,
2023-11-06,40894,1.00,104.90,46,,6,104.90,19.00,,41163,104.90,
2023-11-06,40916,,,46,,6,,15.00,,41163,104.90,
2023-11-06,40920,,,46,,6,,14.00,,41163,94.90,
2023-11-06,40921,,,46,,6,,12.00,,41163,91.90,
2023-11-06,40930,3.00,215.70,46,,6,71.90,5.00,,41163,71.90,
2023-11-06,41165,,,46,,6,,5.00,,41163,78.90,
2023-11-06,41166,3.00,236.70,46,,6,78.90,18.00,,41163,78.90,
2023-11-06,41168,3.00,284.70,46,,6,94.90,18.00,,41163,94.90,
2023-11-06,41169,3.00,299.70,46,,6,99.90,21.00,,41163,99.90,
2023-11-06,41170,1.00,99.90,46,,6,99.90,15.00,,41163,99.90,
2023-11-06,41174,1.00,91.90,46,,6,91.90,15.00,,41163,91.90,
2023-11-06,41175,4.00,367.60,46,,6,91.90,16.00,,41163,91.90,
2023-11-06,41176,,,46,,6,,29.00,,41163,94.90,
2023-11-06,41177,1.00,94.90,46,,6,94.90,16.00,,41163,94.90,
2023-11-06,41180,,,46,,6,,11.00,,41163,91.90,
2023-11-06,41185,,,46,,6,,14.00,,41163,82.90,
2023-11-06,41186,1.00,89.90,46,,6,89.90,2.00,,41163,89.90,
2023-11-06,41187,3.00,248.70,46,,6,82.90,30.00,,41163,82.90,
2023-11-06,41188,,,46,,6,,19.00,,41163,86.90,
2023-11-06,41189,,,46,,6,,8.00,,41163,86.90,
2023-11-06,41190,1.00,90.90,46,,6,90.90,7.00,,41163,90.90,
2023-11-06,41191,,,46,,6,,15.00,,41163,86.90,
2023-11-06,41192,3.00,251.70,46,,6,83.90,19.00,,41163,85.90,
2023-11-06,41193,3.00,248.70,46,,6,82.90,15.00,,41163,82.90,
2023-11-06,41194,6.00,497.40,46,,6,82.90,7.00,,41163,82.90,
2023-11-06,41195,,,46,,6,,6.00,,41163,78.90,
2023-11-06,41197,,,46,,6,,10.00,,41163,78.90,
2023-11-06,41201,,,46,,6,,6.00,,41163,67.90,
2023-11-06,41202,,,46,,6,,13.00,,41163,75.90,
2023-11-06,44437,,,46,,6,,17.00,,41163,90.90,
2023-11-06,65366,,,46,,6,,17.00,,41163,98.00,
2023-11-06,95631,1.00,88.90,46,,6,88.90,14.00,,41163,88.90,
2023-11-06,97463,,,46,,6,,17.00,,41163,84.90,
2023-11-06,97464,1.00,86.90,46,,6,86.90,10.00,,41163,86.90,
2023-11-06,100833,,,46,,6,,11.00,,41163,84.00,
2023-11-06,100837,,,46,,6,,9.00,,41163,84.00,
2023-11-06,100839,1.00,74.90,46,,6,74.90,6.00,,41163,74.90,
2023-11-06,100840,,,46,,6,,10.00,,41163,74.90,
2023-11-06,101570,,,46,,6,,10.00,,41163,93.00,
2023-11-06,101577,4.00,368.00,46,,6,92.00,7.00,,41163,92.00,
2023-11-06,103607,,,46,,6,,1.00,1,41163,499.00,
2023-11-06,103731,,,46,,6,,1.00,1,41163,499.00,
2023-11-06,103748,,,46,,6,,10.00,,41163,73.90,
2023-11-06,103749,,,46,,6,,9.00,,41163,73.90,
2023-11-06,107885,1.00,93.00,46,,6,93.00,10.00,,41163,93.00,
2023-11-06,108699,,,46,,6,,5.00,,41163,160.00,
2023-11-06,108700,1.00,160.00,46,,6,160.00,4.00,,41163,160.00,
2023-11-06,108782,1.00,81.90,46,,6,81.90,11.00,,41163,81.90,
2023-11-06,108787,1.00,92.00,46,,6,92.00,9.00,,41163,92.00,
2023-11-06,108788,1.00,92.00,46,,6,92.00,13.00,,41163,92.00,
2023-11-06,108789,2.00,184.00,46,,6,92.00,18.00,,41163,92.00,
2023-11-06,108790,1.00,92.00,46,,6,92.00,20.00,,41163,92.00,
2023-11-06,108791,1.00,92.00,46,,6,92.00,9.00,,41163,92.00,
2023-11-06,108811,,,46,,6,,10.00,,41163,71.90,
2023-11-06,109138,,,46,,6,,5.00,,41163,154.90,
2023-11-06,109139,,,46,,6,,4.00,,41163,154.90,
2023-11-06,109241,,,46,,6,,5.00,1,41163,150.00,
2023-11-06,109242,,,46,,6,,5.00,1,41163,150.00,
2023-11-06,109269,,,46,,6,,10.00,,41163,72.90,
2023-11-06,109294,,,46,,6,,7.00,,41163,85.00,
2023-11-06,109295,,,46,,6,,9.00,,41163,85.00,
2023-11-06,109296,,,46,,6,,5.00,,41163,85.00,
2023-11-06,109297,,,46,,6,,6.00,,41163,85.00,
2023-11-07,822,3.00,260.70,46,1,7,86.90,12.00,,41163,86.90,
2023-11-07,2507,,,46,1,7,,1.00,,41163,84.90,
2023-11-07,2508,,,46,1,7,,7.00,,41163,91.90,
2023-11-07,19681,1.00,104.90,46,1,7,104.90,25.00,,41163,104.90,
2023-11-07,40894,,,46,1,7,,19.00,,41163,104.90,
2023-11-07,40916,,,46,1,7,,15.00,,41163,104.90,
2023-11-07,40920,,,46,1,7,,14.00,,41163,94.90,
2023-11-07,40921,,,46,1,7,,12.00,,41163,91.90,
2023-11-07,40930,1.00,71.90,46,1,7,71.90,4.00,,41163,71.90,
2023-11-07,41165,,,46,1,7,,5.00,,41163,78.90,
2023-11-07,41166,,,46,1,7,,18.00,,41163,78.90,
2023-11-07,41168,1.00,94.90,46,1,7,94.90,17.00,,41163,94.90,
2023-11-07,41169,2.00,199.80,46,1,7,99.90,19.00,,41163,99.90,
2023-11-07,41170,,,46,1,7,,15.00,,41163,99.90,
2023-11-07,41174,2.00,183.80,46,1,7,91.90,13.00,,41163,91.90,
2023-11-07,41175,1.00,91.90,46,1,7,91.90,15.00,,41163,91.90,
2023-11-07,41176,,,46,1,7,,29.00,,41163,94.90,
2023-11-07,41177,1.00,94.90,46,1,7,94.90,15.00,,41163,94.90,
2023-11-07,41180,,,46,1,7,,11.00,,41163,91.90,
2023-11-07,41185,1.00,82.90,46,1,7,82.90,13.00,,41163,82.90,
2023-11-07,41186,1.00,89.90,46,1,7,89.90,1.00,,41163,89.90,
2023-11-07,41187,4.00,331.60,46,1,7,82.90,26.00,,41163,82.90,
2023-11-07,41188,1.00,86.90,46,1,7,86.90,18.00,,41163,86.90,
2023-11-07,41189,,,46,1,7,,8.00,,41163,86.90,
2023-11-07,41190,2.00,181.80,46,1,7,90.90,5.00,,41163,90.90,
2023-11-07,41191,,,46,1,7,,15.00,,41163,86.90,
2023-11-07,41192,2.00,171.80,46,1,7,85.90,17.00,,41163,85.90,
2023-11-07,41193,,,46,1,7,,15.00,,41163,82.90,
2023-11-07,41194,1.00,82.90,46,1,7,82.90,6.00,,41163,82.90,
2023-11-07,41195,,,46,1,7,,6.00,,41163,78.90,
2023-11-07,41197,1.00,78.90,46,1,7,78.90,9.00,,41163,78.90,
2023-11-07,41201,,,46,1,7,,6.00,,41163,67.90,
2023-11-07,41202,,,46,1,7,,13.00,,41163,75.90,
2023-11-07,44437,,,46,1,7,,17.00,,41163,90.90,
2023-11-07,65366,,,46,1,7,,17.00,,41163,98.00,
2023-11-07,95631,1.00,88.90,46,1,7,88.90,13.00,,41163,88.90,
2023-11-07,97463,2.00,169.80,46,1,7,84.90,15.00,,41163,84.90,
2023-11-07,97464,2.00,173.80,46,1,7,86.90,8.00,,41163,86.90,
2023-11-07,100833,,,46,1,7,,11.00,,41163,84.00,
2023-11-07,100837,,,46,1,7,,9.00,,41163,84.00,
2023-11-07,100839,1.00,74.90,46,1,7,74.90,5.00,,41163,74.90,
2023-11-07,100840,,,46,1,7,,10.00,,41163,74.90,
2023-11-07,101570,,,46,1,7,,10.00,,41163,93.00,
2023-11-07,101577,2.00,184.00,46,1,7,92.00,5.00,,41163,92.00,
2023-11-07,103607,,,46,1,7,,1.00,1,41163,499.00,
2023-11-07,103731,,,46,1,7,,1.00,1,41163,499.00,
2023-11-07,103748,,,46,1,7,,10.00,,41163,73.90,
2023-11-07,103749,,,46,1,7,,9.00,,41163,73.90,
2023-11-07,107885,,,46,1,7,,10.00,,41163,93.00,
2023-11-07,108699,1.00,160.00,46,1,7,160.00,4.00,,41163,160.00,
2023-11-07,108700,,,46,1,7,,4.00,,41163,160.00,
2023-11-07,108782,1.00,81.90,46,1,7,81.90,10.00,,41163,81.90,
2023-11-07,108787,,,46,1,7,,9.00,,41163,92.00,
2023-11-07,108788,1.00,92.00,46,1,7,92.00,12.00,,41163,92.00,
2023-11-07,108789,1.00,92.00,46,1,7,92.00,17.00,,41163,92.00,
2023-11-07,108790,1.00,92.00,46,1,7,92.00,19.00,,41163,92.00,
2023-11-07,108791,,,46,1,7,,9.00,,41163,92.00,
2023-11-07,108811,,,46,1,7,,10.00,,41163,71.90,
2023-11-07,109138,,,46,1,7,,5.00,,41163,154.90,
2023-11-07,109139,,,46,1,7,,4.00,,41163,154.90,
2023-11-07,109241,,,46,1,7,,5.00,1,41163,150.00,
2023-11-07,109242,,,46,1,7,,5.00,1,41163,150.00,
2023-11-07,109269,,,46,1,7,,10.00,,41163,72.90,
2023-11-07,109294,,,46,1,7,,7.00,,41163,85.00,
2023-11-07,109295,1.00,85.00,46,1,7,85.00,8.00,,41163,85.00,
2023-11-07,109296,2.00,170.00,46,1,7,85.00,3.00,,41163,85.00,
2023-11-07,109297,1.00,85.00,46,1,7,85.00,5.00,,41163,85.00,
2023-11-08,822,,,46,2,8,,12.00,,41163,86.90,
2023-11-08,2507,,,46,2,8,,11.00,,41163,84.90,
2023-11-08,2508,,,46,2,8,,7.00,,41163,91.90,
2023-11-08,19681,4.00,419.60,46,2,8,104.90,21.00,,41163,104.90,
2023-11-08,40894,,,46,2,8,,29.00,,41163,104.90,
2023-11-08,40916,,,46,2,8,,15.00,,41163,104.90,
2023-11-08,40920,,,46,2,8,,14.00,,41163,94.90,
2023-11-08,40921,,,46,2,8,,12.00,,41163,91.90,
2023-11-08,40930,1.00,71.90,46,2,8,71.90,13.00,,41163,71.90,
2023-11-08,41165,,,46,2,8,,5.00,,41163,78.90,
2023-11-08,41166,13.00,1025.70,46,2,8,78.90,15.00,,41163,78.90,
2023-11-08,41168,1.00,94.90,46,2,8,94.90,26.00,,41163,94.90,
2023-11-08,41169,,,46,2,8,,29.00,,41163,99.90,
2023-11-08,41170,1.00,99.90,46,2,8,99.90,14.00,,41163,99.90,
2023-11-08,41174,1.00,91.90,46,2,8,91.90,22.00,,41163,91.90,
2023-11-08,41175,,,46,2,8,,25.00,,41163,91.90,
2023-11-08,41176,1.00,94.90,46,2,8,94.90,28.00,,41163,94.90,
2023-11-08,41177,2.00,189.80,46,2,8,94.90,23.00,,41163,94.90,
2023-11-08,41180,,,46,2,8,,11.00,,41163,91.90,
2023-11-08,41185,1.00,82.90,46,2,8,82.90,12.00,,41163,82.90,
2023-11-08,41186,1.00,89.90,46,2,8,89.90,12.00,,41163,89.90,
2023-11-08,41187,,,46,2,8,,36.00,,41163,82.90,
2023-11-08,41188,,,46,2,8,,18.00,,41163,86.90,
2023-11-08,41189,,,46,2,8,,8.00,,41163,86.90,
2023-11-08,41190,,,46,2,8,,15.00,,41163,90.90,
2023-11-08,41191,,,46,2,8,,15.00,,41163,86.90,
2023-11-08,41192,6.00,515.40,46,2,8,85.90,21.00,,41163,85.90,
2023-11-08,41193,,,46,2,8,,25.00,,41163,82.90,
2023-11-08,41194,,,46,2,8,,26.00,,41163,82.90,
2023-11-08,41195,,,46,2,8,,6.00,,41163,78.90,
2023-11-08,41197,,,46,2,8,,9.00,,41163,78.90,
2023-11-08,41201,,,46,2,8,,6.00,,41163,67.90,
2023-11-08,41202,,,46,2,8,,13.00,,41163,75.90,
2023-11-08,44437,2.00,181.80,46,2,8,90.90,15.00,,41163,90.90,
2023-11-08,65366,,,46,2,8,,17.00,,41163,98.00,
2023-11-08,95631,,,46,2,8,,13.00,,41163,88.90,
2023-11-08,97463,,,46,2,8,,15.00,,41163,84.90,
2023-11-08,97464,1.00,86.90,46,2,8,86.90,7.00,,41163,86.90,
2023-11-08,100833,,,46,2,8,,11.00,,41163,84.00,
2023-11-08,100837,,,46,2,8,,9.00,,41163,84.00,
2023-11-08,100839,1.00,74.90,46,2,8,74.90,14.00,,41163,74.90,
2023-11-08,100840,,,46,2,8,,10.00,,41163,74.90,
2023-11-08,101570,,,46,2,8,,10.00,,41163,93.00,
2023-11-08,101577,,,46,2,8,,15.00,,41163,92.00,
2023-11-08,103607,,,46,2,8,,1.00,1,41163,499.00,
2023-11-08,103731,,,46,2,8,,1.00,1,41163,499.00,
2023-11-08,103748,,,46,2,8,,10.00,,41163,80.90,
2023-11-08,103749,,,46,2,8,,9.00,,41163,73.90,
2023-11-08,107885,2.00,186.00,46,2,8,93.00,8.00,,41163,93.00,
2023-11-08,108699,,,46,2,8,,4.00,,41163,160.00,
2023-11-08,108700,,,46,2,8,,4.00,,41163,160.00,
2023-11-08,108782,,,46,2,8,,22.00,,41163,81.90,
2023-11-08,108787,1.00,92.00,46,2,8,92.00,8.00,,41163,92.00,
2023-11-08,108788,5.00,460.00,46,2,8,92.00,7.00,,41163,92.00,
2023-11-08,108789,4.00,368.00,46,2,8,92.00,23.00,,41163,92.00,
2023-11-08,108790,3.00,276.00,46,2,8,92.00,16.00,,41163,92.00,
2023-11-08,108791,,,46,2,8,,19.00,,41163,92.00,
2023-11-08,108811,,,46,2,8,,10.00,,41163,71.90,
2023-11-08,109138,,,46,2,8,,5.00,,41163,154.90,
2023-11-08,109139,,,46,2,8,,4.00,,41163,154.90,
2023-11-08,109241,,,46,2,8,,5.00,1,41163,150.00,
2023-11-08,109242,,,46,2,8,,5.00,1,41163,150.00,
2023-11-08,109269,,,46,2,8,,10.00,,41163,72.90,
2023-11-08,109294,1.00,85.00,46,2,8,85.00,16.00,,41163,85.00,
2023-11-08,109295,,,46,2,8,,8.00,,41163,85.00,
2023-11-08,109296,,,46,2,8,,13.00,,41163,85.00,
2023-11-08,109297,1.00,85.00,46,2,8,85.00,14.00,,41163,85.00,
2023-11-09,822,,,46,3,9,,12.00,,41163,86.90,
2023-11-09,2507,1.00,84.90,46,3,9,84.90,10.00,,41163,91.90,
2023-11-09,2508,,,46,3,9,,7.00,,41163,91.90,
2023-11-09,19681,,,46,3,9,,21.00,,41163,104.90,
2023-11-09,40894,,,46,3,9,,29.00,,41163,104.90,
2023-11-09,40916,,,46,3,9,,15.00,,41163,104.90,
2023-11-09,40920,,,46,3,9,,14.00,,41163,94.90,
2023-11-09,40921,,,46,3,9,,12.00,,41163,91.90,
2023-11-09,40930,1.00,71.90,46,3,9,71.90,12.00,,41163,71.90,
2023-11-09,41165,1.00,78.90,46,3,9,78.90,4.00,,41163,78.90,
2023-11-09,41166,3.00,236.70,46,3,9,78.90,12.00,,41163,78.90,
2023-11-09,41168,,,46,3,9,,26.00,,41163,94.90,
2023-11-09,41169,6.00,599.40,46,3,9,99.90,23.00,,41163,99.90,
2023-11-09,41170,,,46,3,9,,14.00,,41163,99.90,
2023-11-09,41174,2.00,183.80,46,3,9,91.90,20.00,,41163,91.90,
2023-11-09,41175,1.00,91.90,46,3,9,91.90,24.00,,41163,91.90,
2023-11-09,41176,,,46,3,9,,28.00,,41163,94.90,
2023-11-09,41177,1.00,94.90,46,3,9,94.90,22.00,,41163,94.90,
2023-11-09,41180,,,46,3,9,,11.00,,41163,91.90,
2023-11-09,41185,,,46,3,9,,12.00,,41163,82.90,
2023-11-09,41186,4.00,359.60,46,3,9,89.90,8.00,,41163,89.90,
2023-11-09,41187,6.00,497.40,46,3,9,82.90,30.00,,41163,82.90,
2023-11-09,41188,,,46,3,9,,18.00,,41163,86.90,
2023-11-09,41189,,,46,3,9,,8.00,,41163,86.90,
2023-11-09,41190,3.00,272.70,46,3,9,90.90,12.00,,41163,90.90,
2023-11-09,41191,1.00,86.90,46,3,9,86.90,14.00,,41163,86.90,
2023-11-09,41192,5.00,429.50,46,3,9,85.90,16.00,,41163,85.90,
2023-11-09,41193,,,46,3,9,,25.00,,41163,82.90,
2023-11-09,41194,1.00,82.90,46,3,9,82.90,25.00,,41163,82.90,
2023-11-09,41195,,,46,3,9,,6.00,,41163,78.90,
2023-11-09,41197,,,46,3,9,,9.00,,41163,78.90,
2023-11-09,41201,,,46,3,9,,6.00,,41163,67.90,
2023-11-09,41202,,,46,3,9,,13.00,,41163,75.90,
2023-11-09,44437,1.00,90.90,46,3,9,90.90,14.00,,41163,90.90,
2023-11-09,65366,,,46,3,9,,17.00,,41163,98.00,
2023-11-09,95631,1.00,88.90,46,3,9,88.90,12.00,,41163,94.90,
2023-11-09,97463,1.00,84.90,46,3,9,84.90,14.00,,41163,84.90,
2023-11-09,97464,,,46,3,9,,7.00,,41163,86.90,
2023-11-09,100833,,,46,3,9,,11.00,,41163,84.00,
2023-11-09,100837,,,46,3,9,,9.00,,41163,84.00,
2023-11-09,100839,2.00,149.80,46,3,9,74.90,12.00,,41163,74.90,
2023-11-09,100840,3.00,224.70,46,3,9,74.90,7.00,,41163,74.90,
2023-11-09,101570,,,46,3,9,,10.00,,41163,93.00,
2023-11-09,101577,2.00,184.00,46,3,9,92.00,13.00,,41163,92.00,
2023-11-09,103607,,,46,3,9,,1.00,1,41163,499.00,
2023-11-09,103731,,,46,3,9,,1.00,1,41163,499.00,
2023-11-09,103748,,,46,3,9,,10.00,,41163,80.90,
2023-11-09,103749,1.00,73.90,46,3,9,73.90,8.00,,41163,73.90,
2023-11-09,107885,,,46,3,9,,8.00,,41163,93.00,
2023-11-09,108699,,,46,3,9,,4.00,,41163,160.00,
2023-11-09,108700,,,46,3,9,,4.00,,41163,160.00,
2023-11-09,108782,,,46,3,9,,22.00,,41163,81.90,
2023-11-09,108787,,,46,3,9,,8.00,,41163,92.00,
2023-11-09,108788,1.00,92.00,46,3,9,92.00,6.00,,41163,92.00,
2023-11-09,108789,3.00,276.00,46,3,9,92.00,20.00,,41163,92.00,
2023-11-09,108790,,,46,3,9,,16.00,,41163,92.00,
2023-11-09,108791,1.00,92.00,46,3,9,92.00,18.00,,41163,92.00,
2023-11-09,108811,,,46,3,9,,10.00,,41163,71.90,
2023-11-09,109138,,,46,3,9,,5.00,,41163,154.90,
2023-11-09,109139,,,46,3,9,,4.00,,41163,154.90,
2023-11-09,109241,,,46,3,9,,5.00,1,41163,150.00,
2023-11-09,109242,,,46,3,9,,5.00,1,41163,150.00,
2023-11-09,109269,,,46,3,9,,10.00,,41163,72.90,
2023-11-09,109294,,,46,3,9,,16.00,,41163,85.00,
2023-11-09,109295,,,46,3,9,,8.00,,41163,85.00,
2023-11-09,109296,,,46,3,9,,13.00,,41163,85.00,
2023-11-09,109297,,,46,3,9,,14.00,,41163,85.00,
2023-11-10,822,3.00,260.70,46,4,10,86.90,9.00,,41163,86.90,
2023-11-10,2507,,,46,4,10,,10.00,,41163,91.90,
2023-11-10,2508,,,46,4,10,,7.00,,41163,91.90,
2023-11-10,19681,1.00,104.90,46,4,10,104.90,20.00,,41163,104.90,
2023-11-10,40894,1.00,104.90,46,4,10,104.90,28.00,,41163,104.90,
2023-11-10,40916,,,46,4,10,,15.00,,41163,104.90,
2023-11-10,40920,,,46,4,10,,14.00,,41163,94.90,
2023-11-10,40921,,,46,4,10,,12.00,,41163,91.90,
2023-11-10,40930,,,46,4,10,,12.00,,41163,71.90,
2023-11-10,41165,1.00,78.90,46,4,10,78.90,3.00,,41163,78.90,
2023-11-10,41166,5.00,394.50,46,4,10,78.90,7.00,,41163,78.90,
2023-11-10,41168,2.00,189.80,46,4,10,94.90,24.00,,41163,94.90,
2023-11-10,41169,4.00,399.60,46,4,10,99.90,19.00,,41163,99.90,
2023-11-10,41170,2.00,199.80,46,4,10,99.90,12.00,,41163,99.90,
2023-11-10,41174,1.00,91.90,46,4,10,91.90,19.00,,41163,91.90,
2023-11-10,41175,1.00,91.90,46,4,10,91.90,23.00,,41163,91.90,
2023-11-10,41176,,,46,4,10,,28.00,,41163,94.90,
2023-11-10,41177,1.00,94.90,46,4,10,94.90,21.00,,41163,94.90,
2023-11-10,41180,,,46,4,10,,11.00,,41163,91.90,
2023-11-10,41185,1.00,82.90,46,4,10,82.90,11.00,,41163,82.90,
2023-11-10,41186,2.00,179.80,46,4,10,89.90,6.00,,41163,89.90,
2023-11-10,41187,7.00,580.30,46,4,10,82.90,23.00,,41163,82.90,
2023-11-10,41188,1.00,86.90,46,4,10,86.90,17.00,,41163,86.90,
2023-11-10,41189,,,46,4,10,,8.00,,41163,86.90,
2023-11-10,41190,1.00,90.90,46,4,10,90.90,11.00,,41163,90.90,
2023-11-10,41191,,,46,4,10,,14.00,,41163,86.90,
2023-11-10,41192,2.00,171.80,46,4,10,85.90,14.00,,41163,85.90,
2023-11-10,41193,3.00,248.70,46,4,10,82.90,22.00,,41163,82.90,
2023-11-10,41194,,,46,4,10,,25.00,,41163,82.90,
2023-11-10,41195,2.00,157.80,46,4,10,78.90,4.00,,41163,78.90,
2023-11-10,41197,1.00,78.90,46,4,10,78.90,8.00,,41163,78.90,
2023-11-10,41201,,,46,4,10,,6.00,,41163,67.90,
2023-11-10,41202,1.00,75.90,46,4,10,75.90,12.00,,41163,75.90,
2023-11-10,44437,5.00,454.50,46,4,10,90.90,9.00,,41163,90.90,
2023-11-10,65366,2.00,196.00,46,4,10,98.00,15.00,,41163,98.00,
2023-11-10,95631,,,46,4,10,,12.00,,41163,94.90,
2023-11-10,97463,,,46,4,10,,14.00,,41163,84.90,
2023-11-10,97464,1.00,86.90,46,4,10,86.90,6.00,,41163,86.90,
2023-11-10,100833,,,46,4,10,,11.00,,41163,84.00,
2023-11-10,100837,,,46,4,10,,9.00,,41163,84.00,
2023-11-10,100839,,,46,4,10,,12.00,,41163,74.90,
2023-11-10,100840,,,46,4,10,,7.00,,41163,74.90,
2023-11-10,101570,,,46,4,10,,10.00,,41163,93.00,
2023-11-10,101577,1.00,92.00,46,4,10,92.00,12.00,,41163,92.00,
2023-11-10,103607,,,46,4,10,,1.00,1,41163,499.00,
2023-11-10,103731,,,46,4,10,,1.00,1,41163,499.00,
2023-11-10,103748,2.00,161.80,46,4,10,80.90,8.00,,41163,80.90,
2023-11-10,103749,,,46,4,10,,8.00,,41163,73.90,
2023-11-10,107885,1.00,93.00,46,4,10,93.00,7.00,,41163,93.00,
2023-11-10,108699,,,46,4,10,,4.00,,41163,160.00,
2023-11-10,108700,,,46,4,10,,4.00,,41163,160.00,
2023-11-10,108782,1.00,81.90,46,4,10,81.90,21.00,,41163,81.90,
2023-11-10,108787,2.00,184.00,46,4,10,92.00,6.00,,41163,92.00,
2023-11-10,108788,3.00,276.00,46,4,10,92.00,3.00,,41163,92.00,
2023-11-10,108789,2.00,184.00,46,4,10,92.00,18.00,,41163,92.00,
2023-11-10,108790,2.00,184.00,46,4,10,92.00,14.00,,41163,92.00,
2023-11-10,108791,,,46,4,10,,18.00,,41163,92.00,
2023-11-10,108811,,,46,4,10,,10.00,,41163,71.90,
2023-11-10,109138,,,46,4,10,,5.00,,41163,154.90,
2023-11-10,109139,,,46,4,10,,4.00,,41163,154.90,
2023-11-10,109241,,,46,4,10,,5.00,1,41163,150.00,
2023-11-10,109242,,,46,4,10,,5.00,1,41163,150.00,
2023-11-10,109269,,,46,4,10,,10.00,,41163,72.90,
2023-11-10,109294,,,46,4,10,,16.00,,41163,85.00,
2023-11-10,109295,,,46,4,10,,8.00,,41163,85.00,
2023-11-10,109296,,,46,4,10,,13.00,,41163,85.00,
2023-11-10,109297,,,46,4,10,,14.00,,41163,85.00,
2023-11-11,822,1.00,86.90,46,5,11,86.90,8.00,,41163,86.90,
2023-11-11,2507,,,46,5,11,,10.00,,41163,91.90,
2023-11-11,2508,,,46,5,11,,7.00,,41163,91.90,
2023-11-11,19681,3.00,314.70,46,5,11,104.90,17.00,,41163,104.90,
2023-11-11,40894,,,46,5,11,,38.00,,41163,104.90,
2023-11-11,40916,,,46,5,11,,15.00,,41163,104.90,
2023-11-11,40920,,,46,5,11,,14.00,,41163,94.90,
2023-11-11,40921,5.00,459.50,46,5,11,91.90,7.00,,41163,91.90,
2023-11-11,40930,2.00,143.80,46,5,11,71.90,10.00,,41163,71.90,
2023-11-11,41165,,,46,5,11,,3.00,,41163,78.90,
2023-11-11,41166,,,46,5,11,,27.00,,41163,78.90,
2023-11-11,41168,3.00,284.70,46,5,11,94.90,21.00,,41163,94.90,
2023-11-11,41169,,,46,5,11,,19.00,,41163,99.90,
2023-11-11,41170,,,46,5,11,,12.00,,41163,99.90,
2023-11-11,41174,1.00,91.90,46,5,11,91.90,18.00,,41163,91.90,
2023-11-11,41175,4.00,367.60,46,5,11,91.90,19.00,,41163,91.90,
2023-11-11,41176,,,46,5,11,,28.00,,41163,94.90,
2023-11-11,41177,1.00,94.90,46,5,11,94.90,20.00,,41163,94.90,
2023-11-11,41180,2.00,183.80,46,5,11,91.90,9.00,,41163,91.90,
2023-11-11,41185,1.00,82.90,46,5,11,82.90,10.00,,41163,82.90,
2023-11-11,41186,,,46,5,11,,18.00,,41163,89.90,
2023-11-11,41187,2.00,165.80,46,5,11,82.90,31.00,,41163,82.90,
2023-11-11,41188,,,46,5,11,,17.00,,41163,86.90,
2023-11-11,41189,,,46,5,11,,8.00,,41163,86.90,
2023-11-11,41190,1.00,90.90,46,5,11,90.90,10.00,,41163,90.90,
2023-11-11,41191,1.00,86.90,46,5,11,86.90,13.00,,41163,86.90,
2023-11-11,41192,5.00,429.50,46,5,11,85.90,29.00,,41163,85.90,
2023-11-11,41193,1.00,82.90,46,5,11,82.90,21.00,,41163,82.90,
2023-11-11,41194,1.00,82.90,46,5,11,82.90,24.00,,41163,82.90,
2023-11-11,41195,,,46,5,11,,4.00,,41163,78.90,
2023-11-11,41197,,,46,5,11,,8.00,,41163,78.90,
2023-11-11,41201,,,46,5,11,,6.00,,41163,67.90,
2023-11-11,41202,,,46,5,11,,12.00,,41163,75.90,
2023-11-11,44437,,,46,5,11,,9.00,,41163,90.90,
2023-11-11,65366,1.00,98.00,46,5,11,98.00,14.00,,41163,98.00,
2023-11-11,95631,,,46,5,11,,12.00,,41163,94.90,
2023-11-11,97463,,,46,5,11,,14.00,,41163,84.90,
2023-11-11,97464,,,46,5,11,,18.00,,41163,86.90,
2023-11-11,100833,,,46,5,11,,11.00,,41163,84.00,
2023-11-11,100837,,,46,5,11,,9.00,,41163,84.00,
2023-11-11,100839,1.00,74.90,46,5,11,74.90,11.00,,41163,74.90,
2023-11-11,100840,1.00,74.90,46,5,11,74.90,16.00,,41163,74.90,
2023-11-11,101570,,,46,5,11,,10.00,,41163,93.00,
2023-11-11,101577,3.00,276.00,46,5,11,92.00,19.00,,41163,92.00,
2023-11-11,103607,,,46,5,11,,1.00,1,41163,499.00,
2023-11-11,103731,,,46,5,11,,1.00,1,41163,499.00,
2023-11-11,103748,,,46,5,11,,8.00,,41163,80.90,
2023-11-11,103749,,,46,5,11,,8.00,,41163,73.90,
2023-11-11,107885,2.00,186.00,46,5,11,93.00,15.00,,41163,93.00,
2023-11-11,108699,,,46,5,11,,4.00,,41163,160.00,
2023-11-11,108700,,,46,5,11,,4.00,,41163,160.00,
2023-11-11,108782,1.00,81.90,46,5,11,81.90,20.00,,41163,81.90,
2023-11-11,108787,1.00,92.00,46,5,11,92.00,15.00,,41163,92.00,
2023-11-11,108788,1.00,92.00,46,5,11,92.00,12.00,,41163,92.00,
2023-11-11,108789,1.00,92.00,46,5,11,92.00,17.00,,41163,92.00,
2023-11-11,108790,,,46,5,11,,24.00,,41163,92.00,
2023-11-11,108791,,,46,5,11,,18.00,,41163,92.00,
2023-11-11,108811,,,46,5,11,,10.00,,41163,71.90,
2023-11-11,109138,,,46,5,11,,5.00,,41163,154.90,
2023-11-11,109139,,,46,5,11,,4.00,,41163,154.90,
2023-11-11,109241,,,46,5,11,,5.00,1,41163,150.00,
2023-11-11,109242,,,46,5,11,,5.00,1,41163,150.00,
2023-11-11,109269,,,46,5,11,,10.00,,41163,72.90,
2023-11-11,109294,,,46,5,11,,16.00,,41163,85.00,
2023-11-11,109295,,,46,5,11,,8.00,,41163,85.00,
2023-11-11,109296,,,46,5,11,,13.00,,41163,85.00,
2023-11-11,109297,,,46,5,11,,14.00,,41163,85.00,
2023-11-12,822,2.00,173.80,46,6,12,86.90,6.00,,41163,86.90,
2023-11-12,2507,,,46,6,12,,10.00,,41163,91.90,
2023-11-12,2508,,,46,6,12,,7.00,,41163,91.90,
2023-11-12,19681,,,46,6,12,,17.00,,41163,104.90,
2023-11-12,40894,,,46,6,12,,38.00,,41163,104.90,
2023-11-12,40916,,,46,6,12,,15.00,,41163,104.90,
2023-11-12,40920,,,46,6,12,,14.00,,41163,94.90,
2023-11-12,40921,,,46,6,12,,7.00,,41163,91.90,
2023-11-12,40930,,,46,6,12,,10.00,,41163,71.90,
2023-11-12,41165,,,46,6,12,,3.00,,41163,78.90,
2023-11-12,41166,,,46,6,12,,27.00,,41163,78.90,
2023-11-12,41168,,,46,6,12,,21.00,,41163,94.90,
2023-11-12,41169,,,46,6,12,,19.00,,41163,99.90,
2023-11-12,41170,,,46,6,12,,12.00,,41163,99.90,
2023-11-12,41174,1.00,91.90,46,6,12,91.90,17.00,,41163,91.90,
2023-11-12,41175,,,46,6,12,,19.00,,41163,91.90,
2023-11-12,41176,,,46,6,12,,28.00,,41163,94.90,
2023-11-12,41177,,,46,6,12,,20.00,,41163,94.90,
2023-11-12,41180,,,46,6,12,,9.00,,41163,91.90,
2023-11-12,41185,,,46,6,12,,10.00,,41163,82.90,
2023-11-12,41186,1.00,89.90,46,6,12,89.90,17.00,,41163,89.90,
2023-11-12,41187,2.00,165.80,46,6,12,82.90,29.00,,41163,82.90,
2023-11-12,41188,,,46,6,12,,17.00,,41163,86.90,
2023-11-12,41189,1.00,86.90,46,6,12,86.90,7.00,,41163,86.90,
2023-11-12,41190,3.00,272.70,46,6,12,90.90,7.00,,41163,90.90,
2023-11-12,41191,,,46,6,12,,13.00,,41163,86.90,
2023-11-12,41192,1.00,85.90,46,6,12,85.90,28.00,,41163,85.90,
2023-11-12,41193,5.00,414.50,46,6,12,82.90,16.00,,41163,82.90,
2023-11-12,41194,4.00,331.60,46,6,12,82.90,20.00,,41163,82.90,
2023-11-12,41195,,,46,6,12,,4.00,,41163,78.90,
2023-11-12,41197,,,46,6,12,,8.00,,41163,78.90,
2023-11-12,41201,,,46,6,12,,6.00,,41163,67.90,
2023-11-12,41202,,,46,6,12,,12.00,,41163,75.90,
2023-11-12,44437,,,46,6,12,,9.00,,41163,90.90,
2023-11-12,65366,,,46,6,12,,14.00,,41163,98.00,
2023-11-12,95631,,,46,6,12,,12.00,,41163,94.90,
2023-11-12,97463,,,46,6,12,,14.00,,41163,84.90,
2023-11-12,97464,,,46,6,12,,18.00,,41163,86.90,
2023-11-12,100833,,,46,6,12,,11.00,,41163,84.00,
2023-11-12,100837,,,46,6,12,,9.00,,41163,84.00,
2023-11-12,100839,,,46,6,12,,11.00,,41163,74.90,
2023-11-12,100840,2.00,149.80,46,6,12,74.90,14.00,,41163,74.90,
2023-11-12,101570,,,46,6,12,,10.00,,41163,93.00,
2023-11-12,101577,,,46,6,12,,19.00,,41163,92.00,
2023-11-12,103607,,,46,6,12,,1.00,1,41163,499.00,
2023-11-12,103731,,,46,6,12,,1.00,1,41163,499.00,
2023-11-12,103748,,,46,6,12,,8.00,,41163,80.90,
2023-11-12,103749,,,46,6,12,,8.00,,41163,73.90,
2023-11-12,107885,1.00,93.00,46,6,12,93.00,14.00,,41163,93.00,
2023-11-12,108699,,,46,6,12,,4.00,,41163,160.00,
2023-11-12,108700,,,46,6,12,,4.00,,41163,160.00,
2023-11-12,108782,1.00,81.90,46,6,12,81.90,19.00,,41163,81.90,
2023-11-12,108787,,,46,6,12,,15.00,,41163,92.00,
2023-11-12,108788,3.00,276.00,46,6,12,92.00,9.00,,41163,92.00,
2023-11-12,108789,1.00,92.00,46,6,12,92.00,16.00,,41163,92.00,
2023-11-12,108790,,,46,6,12,,24.00,,41163,92.00,
2023-11-12,108791,,,46,6,12,,18.00,,41163,92.00,
2023-11-12,108811,,,46,6,12,,10.00,,41163,71.90,
2023-11-12,109138,,,46,6,12,,5.00,,41163,154.90,
2023-11-12,109139,,,46,6,12,,4.00,,41163,154.90,
2023-11-12,109241,,,46,6,12,,5.00,1,41163,150.00,
2023-11-12,109242,,,46,6,12,,5.00,1,41163,150.00,
2023-11-12,109269,,,46,6,12,,10.00,,41163,72.90,
2023-11-12,109294,,,46,6,12,,16.00,,41163,85.00,
2023-11-12,109295,1.00,85.00,46,6,12,85.00,7.00,,41163,85.00,
2023-11-12,109296,1.00,85.00,46,6,12,85.00,12.00,,41163,85.00,
2023-11-12,109297,1.00,85.00,46,6,12,85.00,13.00,,41163,85.00,
2023-11-13,822,,,47,,13,,6.00,,41163,86.90,
2023-11-13,2507,1.00,91.90,47,,13,91.90,9.00,,41163,91.90,
2023-11-13,2508,,,47,,13,,7.00,,41163,91.90,
2023-11-13,19681,1.00,104.90,47,,13,104.90,16.00,,41163,104.90,
2023-11-13,40894,1.00,104.90,47,,13,104.90,37.00,,41163,104.90,
2023-11-13,40916,,,47,,13,,15.00,,41163,104.90,
2023-11-13,40920,,,47,,13,,14.00,,41163,94.90,
2023-11-13,40921,,,47,,13,,7.00,,41163,91.90,
2023-11-13,40930,2.00,143.80,47,,13,71.90,8.00,,41163,71.90,
2023-11-13,41165,,,47,,13,,3.00,,41163,78.90,
2023-11-13,41166,1.00,78.90,47,,13,78.90,26.00,,41163,78.90,
2023-11-13,41168,2.00,189.80,47,,13,94.90,19.00,,41163,94.90,
2023-11-13,41169,5.00,499.50,47,,13,99.90,14.00,,41163,99.90,
2023-11-13,41170,,,47,,13,,12.00,,41163,99.90,
2023-11-13,41174,1.00,91.90,47,,13,91.90,16.00,,41163,91.90,
2023-11-13,41175,3.00,275.70,47,,13,91.90,16.00,,41163,91.90,
2023-11-13,41176,1.00,94.90,47,,13,94.90,27.00,,41163,94.90,
2023-11-13,41177,1.00,94.90,47,,13,94.90,19.00,,41163,94.90,
2023-11-13,41180,1.00,91.90,47,,13,91.90,8.00,,41163,91.90,
2023-11-13,41185,,,47,,13,,10.00,,41163,82.90,
2023-11-13,41186,2.00,179.80,47,,13,89.90,15.00,,41163,89.90,
2023-11-13,41187,2.00,165.80,47,,13,82.90,27.00,,41163,82.90,
2023-11-13,41188,2.00,173.80,47,,13,86.90,15.00,,41163,86.90,
2023-11-13,41189,,,47,,13,,7.00,,41163,86.90,
2023-11-13,41190,,,47,,13,,7.00,,41163,90.90,
2023-11-13,41191,,,47,,13,,13.00,,41163,86.90,
2023-11-13,41192,3.00,257.70,47,,13,85.90,25.00,,41163,85.90,
2023-11-13,41193,,,47,,13,,16.00,,41163,82.90,
2023-11-13,41194,,,47,,13,,20.00,,41163,82.90,
2023-11-13,41195,,,47,,13,,4.00,,41163,78.90,
2023-11-13,41197,,,47,,13,,8.00,,41163,78.90,
2023-11-13,41201,,,47,,13,,6.00,,41163,67.90,
2023-11-13,41202,2.00,151.80,47,,13,75.90,10.00,,41163,75.90,
2023-11-13,44437,2.00,181.80,47,,13,90.90,7.00,,41163,90.90,
2023-11-13,65366,,,47,,13,,14.00,,41163,98.00,
2023-11-13,95631,,,47,,13,,12.00,,41163,94.90,
2023-11-13,97463,1.00,84.90,47,,13,84.90,13.00,,41163,84.90,
2023-11-13,97464,2.00,173.80,47,,13,86.90,16.00,,41163,86.90,
2023-11-13,100833,,,47,,13,,11.00,,41163,84.00,
2023-11-13,100837,1.00,84.00,47,,13,84.00,8.00,,41163,84.00,
2023-11-13,100839,2.00,149.80,47,,13,74.90,9.00,,41163,74.90,
2023-11-13,100840,,,47,,13,,14.00,,41163,74.90,
2023-11-13,101570,,,47,,13,,10.00,,41163,93.00,
2023-11-13,101577,,,47,,13,,19.00,,41163,92.00,
2023-11-13,103607,,,47,,13,,1.00,1,41163,499.00,
2023-11-13,103731,,,47,,13,,1.00,1,41163,499.00,
2023-11-13,103748,,,47,,13,,8.00,,41163,80.90,
2023-11-13,103749,,,47,,13,,8.00,,41163,73.90,
2023-11-13,107885,2.00,186.00,47,,13,93.00,12.00,,41163,93.00,
2023-11-13,108699,,,47,,13,,4.00,,41163,160.00,
2023-11-13,108700,1.00,160.00,47,,13,160.00,3.00,,41163,160.00,
2023-11-13,108782,,,47,,13,,19.00,,41163,81.90,
2023-11-13,108787,,,47,,13,,15.00,,41163,92.00,
2023-11-13,108788,1.00,92.00,47,,13,92.00,8.00,,41163,92.00,
2023-11-13,108789,2.00,184.00,47,,13,92.00,14.00,,41163,92.00,
2023-11-13,108790,3.00,276.00,47,,13,92.00,21.00,,41163,92.00,
2023-11-13,108791,,,47,,13,,18.00,,41163,92.00,
2023-11-13,108811,,,47,,13,,10.00,,41163,71.90,
2023-11-13,109138,,,47,,13,,5.00,,41163,154.90,
2023-11-13,109139,,,47,,13,,4.00,,41163,154.90,
2023-11-13,109241,,,47,,13,,5.00,1,41163,150.00,
2023-11-13,109242,,,47,,13,,5.00,1,41163,150.00,
2023-11-13,109269,,,47,,13,,10.00,,41163,72.90,
2023-11-13,109294,,,47,,13,,16.00,,41163,85.00,
2023-11-13,109295,,,47,,13,,7.00,,41163,85.00,
2023-11-13,109296,,,47,,13,,12.00,,41163,85.00,
2023-11-13,109297,,,47,,13,,13.00,,41163,85.00,
2023-11-14,822,4.00,347.60,47,1,14,86.90,2.00,,41163,86.90,
2023-11-14,2507,,,47,1,14,,9.00,,41163,91.90,
2023-11-14,2508,,,47,1,14,,7.00,,41163,91.90,
2023-11-14,19681,,,47,1,14,,16.00,,41163,104.90,
2023-11-14,40894,1.00,104.90,47,1,14,104.90,36.00,,41163,104.90,
2023-11-14,40916,,,47,1,14,,15.00,,41163,104.90,
2023-11-14,40920,,,47,1,14,,14.00,,41163,94.90,
2023-11-14,40921,,,47,1,14,,7.00,,41163,91.90,
2023-11-14,40930,,,47,1,14,,8.00,,41163,71.90,
2023-11-14,41165,,,47,1,14,,3.00,,41163,78.90,
2023-11-14,41166,2.00,157.80,47,1,14,78.90,24.00,,41163,78.90,
2023-11-14,41168,,,47,1,14,,19.00,,41163,94.90,
2023-11-14,41169,5.00,499.50,47,1,14,99.90,9.00,,41163,99.90,
2023-11-14,41170,,,47,1,14,,12.00,,41163,99.90,
2023-11-14,41174,1.00,91.90,47,1,14,91.90,15.00,,41163,91.90,
2023-11-14,41175,,,47,1,14,,16.00,,41163,91.90,
2023-11-14,41176,1.00,94.90,47,1,14,94.90,26.00,,41163,94.90,
2023-11-14,41177,,,47,1,14,,19.00,,41163,94.90,
2023-11-14,41180,1.00,91.90,47,1,14,91.90,7.00,,41163,91.90,
2023-11-14,41185,1.00,82.90,47,1,14,82.90,9.00,,41163,82.90,
2023-11-14,41186,4.00,359.60,47,1,14,89.90,11.00,,41163,89.90,
2023-11-14,41187,5.00,414.50,47,1,14,82.90,22.00,,41163,82.90,
2023-11-14,41188,,,47,1,14,,15.00,,41163,86.90,
2023-11-14,41189,,,47,1,14,,7.00,,41163,86.90,
2023-11-14,41190,1.00,90.90,47,1,14,90.90,6.00,,41163,90.90,
2023-11-14,41191,1.00,86.90,47,1,14,86.90,12.00,,41163,86.90,
2023-11-14,41192,2.00,171.80,47,1,14,85.90,23.00,,41163,85.90,
2023-11-14,41193,,,47,1,14,,16.00,,41163,82.90,
2023-11-14,41194,,,47,1,14,,20.00,,41163,82.90,
2023-11-14,41195,,,47,1,14,,4.00,,41163,78.90,
2023-11-14,41197,,,47,1,14,,8.00,,41163,78.90,
2023-11-14,41201,,,47,1,14,,6.00,,41163,67.90,
2023-11-14,41202,1.00,75.90,47,1,14,75.90,9.00,,41163,75.90,
2023-11-14,44437,2.00,181.80,47,1,14,90.90,5.00,,41163,90.90,
2023-11-14,65366,,,47,1,14,,14.00,,41163,98.00,
2023-11-14,95631,,,47,1,14,,12.00,,41163,94.90,
2023-11-14,97463,,,47,1,14,,13.00,,41163,84.90,
2023-11-14,97464,5.00,434.50,47,1,14,86.90,11.00,,41163,86.90,
2023-11-14,100833,,,47,1,14,,11.00,,41163,84.00,
2023-11-14,100837,,,47,1,14,,8.00,,41163,84.00,
2023-11-14,100839,2.00,149.80,47,1,14,74.90,7.00,,41163,74.90,
2023-11-14,100840,,,47,1,14,,14.00,,41163,74.90,
2023-11-14,101570,,,47,1,14,,10.00,,41163,93.00,
2023-11-14,101577,4.00,368.00,47,1,14,92.00,15.00,,41163,92.00,
2023-11-14,103607,,,47,1,14,,1.00,1,41163,499.00,
2023-11-14,103731,,,47,1,14,,1.00,1,41163,499.00,
2023-11-14,103748,,,47,1,14,,8.00,,41163,80.90,
2023-11-14,103749,,,47,1,14,,8.00,,41163,73.90,
2023-11-14,107885,1.00,93.00,47,1,14,93.00,11.00,,41163,93.00,
2023-11-14,108699,,,47,1,14,,4.00,,41163,160.00,
2023-11-14,108700,,,47,1,14,,3.00,,41163,160.00,
2023-11-14,108782,2.00,163.80,47,1,14,81.90,17.00,,41163,81.90,
2023-11-14,108787,1.00,92.00,47,1,14,92.00,14.00,,41163,92.00,
2023-11-14,108788,,,47,1,14,,8.00,,41163,92.00,
2023-11-14,108789,4.00,368.00,47,1,14,92.00,10.00,,41163,92.00,
2023-11-14,108790,1.00,92.00,47,1,14,92.00,20.00,,41163,92.00,
2023-11-14,108791,1.00,92.00,47,1,14,92.00,17.00,,41163,92.00,
2023-11-14,108811,,,47,1,14,,10.00,,41163,71.90,
2023-11-14,109138,,,47,1,14,,5.00,,41163,154.90,
2023-11-14,109139,,,47,1,14,,4.00,,41163,154.90,
2023-11-14,109241,,,47,1,14,,5.00,1,41163,150.00,
2023-11-14,109242,,,47,1,14,,5.00,1,41163,150.00,
2023-11-14,109269,,,47,1,14,,10.00,,41163,72.90,
2023-11-14,109294,,,47,1,14,,16.00,,41163,85.00,
2023-11-14,109295,,,47,1,14,,7.00,,41163,85.00,
2023-11-14,109296,1.00,85.00,47,1,14,85.00,11.00,,41163,85.00,
2023-11-14,109297,,,47,1,14,,13.00,,41163,85.00,
